# Known dead content media references — owner-pending, see
# scripts/check-content-media-references.sh for why this file exists.
#
# Regenerate: scripts/check-content-media-references.sh --record
# Columns: question-id <TAB> media-file <TAB> declaring-file
q-biasvisual-001	rumble_asset_0244.webp	content/questions/bias-visual.yml
q-biasvisual-002	rumble_asset_0245.webp	content/questions/bias-visual.yml
q-biasvisual-003	rumble_asset_0246.webp	content/questions/bias-visual.yml
q-biasvisual-004	rumble_asset_0247.webp	content/questions/bias-visual.yml
q-biasvisual-005	rumble_asset_0248.webp	content/questions/bias-visual.yml
q-biasvisual-006	rumble_asset_0249.webp	content/questions/bias-visual.yml
q-biasvisual-007	rumble_asset_0250.webp	content/questions/bias-visual.yml
q-biasvisual-008	rumble_asset_0251.webp	content/questions/bias-visual.yml
q-biasvisual-009	rumble_asset_0252.webp	content/questions/bias-visual.yml
q-biasvisual-010	rumble_asset_0253.webp	content/questions/bias-visual.yml
q-biasvisual-011	rumble_asset_0254.webp	content/questions/bias-visual.yml
q-biasvisual-012	rumble_asset_0255.webp	content/questions/bias-visual.yml
q-biasvisual-013	rumble_asset_0256.webp	content/questions/bias-visual.yml
q-biasvisual-014	rumble_asset_0257.webp	content/questions/bias-visual.yml
q-biasvisual-015	rumble_asset_0258.webp	content/questions/bias-visual.yml
q-biasvisual-016	rumble_asset_0259.webp	content/questions/bias-visual.yml
q-biasvisual-017	rumble_asset_0260.webp	content/questions/bias-visual.yml
q-biasvisual-018	rumble_asset_0261.webp	content/questions/bias-visual.yml
q-biasvisual-019	rumble_asset_0262.webp	content/questions/bias-visual.yml
q-biasvisual-020	rumble_asset_0263.webp	content/questions/bias-visual.yml
q-biasvisual-021	rumble_asset_0264.webp	content/questions/bias-visual.yml
q-biasvisual-022	rumble_asset_0265.webp	content/questions/bias-visual.yml
q-biasvisual-023	rumble_asset_0266.webp	content/questions/bias-visual.yml
q-biasvisual-024	rumble_asset_0267.webp	content/questions/bias-visual.yml
q-biasvisual-025	rumble_asset_0268.webp	content/questions/bias-visual.yml
q-biasvisual-026	rumble_asset_0269.webp	content/questions/bias-visual.yml
q-biasvisual-027	rumble_asset_0270.webp	content/questions/bias-visual.yml
q-biasvisual-028	rumble_asset_0271.webp	content/questions/bias-visual.yml
q-biasvisual-029	rumble_asset_0272.webp	content/questions/bias-visual.yml
q-biasvisual-030	rumble_asset_0273.webp	content/questions/bias-visual.yml
q-biasvisual-031	rumble_asset_0274.webp	content/questions/bias-visual.yml
q-biasvisual-032	rumble_asset_0275.webp	content/questions/bias-visual.yml
q-biasvisual-033	rumble_asset_0276.webp	content/questions/bias-visual.yml
q-biasvisual-034	rumble_asset_0277.webp	content/questions/bias-visual.yml
q-biasvisual-035	rumble_asset_0278.webp	content/questions/bias-visual.yml
q-biasvisual-036	rumble_asset_0279.webp	content/questions/bias-visual.yml
q-biasvisual-037	rumble_asset_0280.webp	content/questions/bias-visual.yml
q-biasvisual-038	rumble_asset_0281.webp	content/questions/bias-visual.yml
q-biasvisual-039	rumble_asset_0282.webp	content/questions/bias-visual.yml
q-biasvisual-040	rumble_asset_0283.webp	content/questions/bias-visual.yml
q-biasvisual-041	rumble_asset_0284.webp	content/questions/bias-visual.yml
q-biasvisual-042	rumble_asset_0285.webp	content/questions/bias-visual.yml
q-biasvisual-043	rumble_asset_0286.webp	content/questions/bias-visual.yml
q-biasvisual-044	rumble_asset_0287.webp	content/questions/bias-visual.yml
q-biasvisual-045	rumble_asset_0288.webp	content/questions/bias-visual.yml
q-biasvisual-046	rumble_asset_0289.webp	content/questions/bias-visual.yml
q-biasvisual-047	rumble_asset_0290.webp	content/questions/bias-visual.yml
q-biasvisual-048	rumble_asset_0291.webp	content/questions/bias-visual.yml
q-biasvisual-049	rumble_asset_0292.webp	content/questions/bias-visual.yml
q-biasvisual-050	rumble_asset_0293.webp	content/questions/bias-visual.yml
q-deepfake-001	rumble_asset_0294.webp	content/questions/deepfakes.yml
q-deepfake-002	rumble_asset_0295.webp	content/questions/deepfakes.yml
q-deepfake-003	rumble_asset_0296.webp	content/questions/deepfakes.yml
q-deepfake-004	rumble_asset_0297.webp	content/questions/deepfakes.yml
q-deepfake-005	rumble_asset_0298.webp	content/questions/deepfakes.yml
q-deepfake-006	rumble_asset_0299.webp	content/questions/deepfakes.yml
q-deepfake-007	rumble_asset_0300.webp	content/questions/deepfakes.yml
q-deepfake-008	rumble_asset_0301.webp	content/questions/deepfakes.yml
q-deepfake-009	rumble_asset_0302.webp	content/questions/deepfakes.yml
q-deepfake-010	rumble_asset_0303.webp	content/questions/deepfakes.yml
q-deepfake-011	rumble_asset_0304.webp	content/questions/deepfakes.yml
q-deepfake-012	rumble_asset_0305.webp	content/questions/deepfakes.yml
q-deepfake-013	rumble_asset_0306.webp	content/questions/deepfakes.yml
q-deepfake-014	rumble_asset_0307.webp	content/questions/deepfakes.yml
q-deepfake-015	rumble_asset_0308.webp	content/questions/deepfakes.yml
q-deepfake-016	rumble_asset_0309.webp	content/questions/deepfakes.yml
q-deepfake-017	rumble_asset_0310.webp	content/questions/deepfakes.yml
q-deepfake-018	rumble_asset_0311.webp	content/questions/deepfakes.yml
q-deepfake-019	rumble_asset_0312.webp	content/questions/deepfakes.yml
q-deepfake-020	rumble_asset_0313.webp	content/questions/deepfakes.yml
q-deepfake-021	rumble_asset_0314.webp	content/questions/deepfakes.yml
q-deepfake-022	rumble_asset_0315.webp	content/questions/deepfakes.yml
q-deepfake-023	rumble_asset_0316.webp	content/questions/deepfakes.yml
q-deepfake-024	rumble_asset_0317.webp	content/questions/deepfakes.yml
q-deepfake-025	rumble_asset_0318.webp	content/questions/deepfakes.yml
q-deepfake-026	rumble_asset_0319.webp	content/questions/deepfakes.yml
q-deepfake-027	rumble_asset_0320.webp	content/questions/deepfakes.yml
q-profile-001	rumble_asset_0947.svg	content/questions/profiles.yml
q-profile-002	rumble_asset_0948.svg	content/questions/profiles.yml
q-profile-003	rumble_asset_0949.svg	content/questions/profiles.yml
q-profile-004	rumble_asset_0950.svg	content/questions/profiles.yml
q-profile-005	rumble_asset_0951.svg	content/questions/profiles.yml
q-profile-006	rumble_asset_0952.svg	content/questions/profiles.yml
q-profile-007	rumble_asset_0953.svg	content/questions/profiles.yml
q-profile-008	rumble_asset_0954.svg	content/questions/profiles.yml
q-profile-009	rumble_asset_0955.svg	content/questions/profiles.yml
q-profile-010	rumble_asset_0956.svg	content/questions/profiles.yml
q-profile-011	rumble_asset_0957.svg	content/questions/profiles.yml
q-profile-012	rumble_asset_0958.svg	content/questions/profiles.yml
q-profile-013	rumble_asset_0959.svg	content/questions/profiles.yml
q-profile-014	rumble_asset_0960.svg	content/questions/profiles.yml
q-profile-015	rumble_asset_0961.svg	content/questions/profiles.yml
q-profile-016	rumble_asset_0962.svg	content/questions/profiles.yml
q-profile-017	rumble_asset_0963.svg	content/questions/profiles.yml
q-profile-018	rumble_asset_0964.svg	content/questions/profiles.yml
q-profile-019	rumble_asset_0965.svg	content/questions/profiles.yml
q-profile-020	rumble_asset_0966.svg	content/questions/profiles.yml
q-profile-021	rumble_asset_0967.svg	content/questions/profiles.yml
q-profile-022	rumble_asset_0968.svg	content/questions/profiles.yml
q-profile-023	rumble_asset_0969.svg	content/questions/profiles.yml
q-profile-024	rumble_asset_0970.svg	content/questions/profiles.yml
q-profile-025	rumble_asset_0971.svg	content/questions/profiles.yml
q-profile-026	rumble_asset_0972.svg	content/questions/profiles.yml
q-profile-027	rumble_asset_0973.svg	content/questions/profiles.yml
q-profile-028	rumble_asset_0974.svg	content/questions/profiles.yml
q-profile-029	rumble_asset_0975.svg	content/questions/profiles.yml
q-profile-030	rumble_asset_0976.svg	content/questions/profiles.yml
q-profile-031	rumble_asset_0977.svg	content/questions/profiles.yml
